{
  "1": {
    "a": 122,
    "b": 97215,
    "c": 68,
    "result": [
      "(-0.0006994811468399855+0j)",
      "(-796.8435628139351+0j)"
    ]
  },
  "2": {
    "a": 182,
    "b": 1,
    "c": 38392,
    "result": "нет действительных корней"
  },
  "3": {
    "a": 78358,
    "b": 4992,
    "c": 874,
    "result": "нет действительных корней"
  },
  "4": {
    "a": 91287,
    "b": 95449,
    "c": 4682,
    "result": [
      "(-0.05159870641079268+0j)",
      "(-0.9939937656827146+0j)"
    ]
  },
  "5": {
    "a": 127,
    "b": 1294,
    "c": 2756,
    "result": [
      "(-3.032202441063395+0j)",
      "(-7.156773936889361+0j)"
    ]
  },
  "6": {
    "a": 9,
    "b": 887,
    "c": 64,
    "result": [
      "(-0.07220622734318265+0j)",
      "(-98.48334932821237+0j)"
    ]
  },
  "7": {
    "a": 63,
    "b": 7349,
    "c": 823,
    "result": [
      "(-0.11209574414462825+0j)",
      "(-116.53869790664902+0j)"
    ]
  },
  "8": {
    "a": 4,
    "b": 41938,
    "c": 1947,
    "result": [
      "(-0.04642588157366845+0j)",
      "(-10484.453574118426+0j)"
    ]
  },
  "9": {
    "a": 289,
    "b": 482,
    "c": 66119,
    "result": "нет действительных корней"
  },
  "10": {
    "a": 22894,
    "b": 37881,
    "c": 1216,
    "result": [
      "(-0.03274869427702555+0j)",
      "(-1.6218769718363666+0j)"
    ]
  },
  "11": {
    "a": 52925,
    "b": 17379,
    "c": 1668,
    "result": "нет действительных корней"
  },
  "12": {
    "a": 34,
    "b": 9,
    "c": 4,
    "result": "нет действительных корней"
  },
  "13": {
    "a": 71698,
    "b": 421,
    "c": 19287,
    "result": "нет действительных корней"
  },
  "14": {
    "a": 699,
    "b": 4114,
    "c": 22,
    "result": [
      "(-0.005352461239690144+0j)",
      "(-5.880198325598649+0j)"
    ]
  },
  "15": {
    "a": 2582,
    "b": 5,
    "c": 49,
    "result": "нет действительных корней"
  },
  "16": {
    "a": 76,
    "b": 2811,
    "c": 62524,
    "result": "нет действительных корней"
  },
  "17": {
    "a": 55,
    "b": 3,
    "c": 1742,
    "result": "нет действительных корней"
  },
  "18": {
    "a": 3942,
    "b": 13,
    "c": 52314,
    "result": "нет действительных корней"
  },
  "19": {
    "a": 4,
    "b": 3,
    "c": 7,
    "result": "нет действительных корней"
  },
  "20": {
    "a": 9845,
    "b": 446,
    "c": 38,
    "result": "нет действительных корней"
  },
  "21": {
    "a": 6862,
    "b": 72819,
    "c": 53813,
    "result": [
      "(-0.7991831244427426+0j)",
      "(-9.812737598378593+0j)"
    ]
  },
  "22": {
    "a": 6,
    "b": 7676,
    "c": 8,
    "result": [
      "(-0.001042210333177233+0j)",
      "(-1279.332291123+0j)"
    ]
  },
  "23": {
    "a": 62,
    "b": 51,
    "c": 199,
    "result": "нет действительных корней"
  },
  "24": {
    "a": 88,
    "b": 8,
    "c": 9,
    "result": "нет действительных корней"
  },
  "25": {
    "a": 633,
    "b": 84793,
    "c": 124,
    "result": [
      "(-0.0014624008319549752+0j)",
      "(-133.9527240130701+0j)"
    ]
  },
  "26": {
    "a": 65,
    "b": 2763,
    "c": 79132,
    "result": "нет действительных корней"
  },
  "27": {
    "a": 4,
    "b": 114,
    "c": 84587,
    "result": "нет действительных корней"
  },
  "28": {
    "a": 2156,
    "b": 562,
    "c": 83,
    "result": "нет действительных корней"
  },
  "29": {
    "a": 612,
    "b": 11713,
    "c": 539,
    "result": [
      "(-0.0461284242201725+0j)",
      "(-19.092760464668714+0j)"
    ]
  },
  "30": {
    "a": 7,
    "b": 295,
    "c": 71389,
    "result": "нет действительных корней"
  },
  "31": {
    "a": 5,
    "b": 1,
    "c": 55,
    "result": "нет действительных корней"
  },
  "32": {
    "a": 11,
    "b": 455,
    "c": 8,
    "result": [
      "(-0.01758989769122753+0j)",
      "(-41.346046465945136+0j)"
    ]
  },
  "33": {
    "a": 683,
    "b": 183,
    "c": 71226,
    "result": "нет действительных корней"
  },
  "34": {
    "a": 6,
    "b": 76137,
    "c": 65,
    "result": [
      "(-0.000853724264743505+0j)",
      "(-12689.499146275737+0j)"
    ]
  },
  "35": {
    "a": 44,
    "b": 9642,
    "c": 2,
    "result": [
      "(-0.00020742604159419318+0j)",
      "(-219.13615621032204+0j)"
    ]
  },
  "36": {
    "a": 4,
    "b": 5,
    "c": 172,
    "result": "нет действительных корней"
  },
  "37": {
    "a": 87,
    "b": 52,
    "c": 83325,
    "result": "нет действительных корней"
  },
  "38": {
    "a": 45477,
    "b": 967,
    "c": 5,
    "result": [
      "(-0.008874370060199501+0j)",
      "(-0.012389125772858967+0j)"
    ]
  },
  "39": {
    "a": 188,
    "b": 9,
    "c": 96842,
    "result": "нет действительных корней"
  },
  "40": {
    "a": 4679,
    "b": 67,
    "c": 65312,
    "result": "нет действительных корней"
  },
  "41": {
    "a": 63,
    "b": 6487,
    "c": 84,
    "result": [
      "(-0.012950603706269163+0j)",
      "(-102.9553033645477+0j)"
    ]
  },
  "42": {
    "a": 87843,
    "b": 259,
    "c": 4182,
    "result": "нет действительных корней"
  },
  "43": {
    "a": 85,
    "b": 22,
    "c": 456,
    "result": "нет действительных корней"
  },
  "44": {
    "a": 253,
    "b": 1,
    "c": 4322,
    "result": "нет действительных корней"
  },
  "45": {
    "a": 9,
    "b": 1,
    "c": 9649,
    "result": "нет действительных корней"
  },
  "46": {
    "a": 4,
    "b": 59879,
    "c": 2,
    "result": [
      "(-3.340069179103011e-05+0j)",
      "(-14969.74996659931+0j)"
    ]
  },
  "47": {
    "a": 123,
    "b": 3659,
    "c": 79891,
    "result": "нет действительных корней"
  },
  "48": {
    "a": 769,
    "b": 1161,
    "c": 728,
    "result": "нет действительных корней"
  },
  "49": {
    "a": 72224,
    "b": 12771,
    "c": 392,
    "result": [
      "(-0.03953298861558941+0j)",
      "(-0.13729188954125596+0j)"
    ]
  },
  "50": {
    "a": 587,
    "b": 4,
    "c": 3453,
    "result": "нет действительных корней"
  },
  "51": {
    "a": 84,
    "b": 35,
    "c": 896,
    "result": "нет действительных корней"
  },
  "52": {
    "a": 536,
    "b": 98,
    "c": 95468,
    "result": "нет действительных корней"
  },
  "53": {
    "a": 3,
    "b": 49912,
    "c": 6664,
    "result": [
      "(-0.13351605785404294+0j)",
      "(-16637.19981727548+0j)"
    ]
  },
  "54": {
    "a": 9324,
    "b": 14164,
    "c": 4,
    "result": [
      "(-0.0002824586201284582+0j)",
      "(-1.5188080604703906+0j)"
    ]
  },
  "55": {
    "a": 1916,
    "b": 9,
    "c": 524,
    "result": "нет действительных корней"
  },
  "56": {
    "a": 8414,
    "b": 9454,
    "c": 6,
    "result": [
      "(-0.000635010879141481+0j)",
      "(-1.1229685070671385+0j)"
    ]
  },
  "57": {
    "a": 93,
    "b": 2,
    "c": 195,
    "result": "нет действительных корней"
  },
  "58": {
    "a": 3,
    "b": 66,
    "c": 19138,
    "result": "нет действительных корней"
  },
  "59": {
    "a": 57559,
    "b": 621,
    "c": 97331,
    "result": "нет действительных корней"
  },
  "60": {
    "a": 7,
    "b": 3561,
    "c": 43,
    "result": [
      "(-0.012075546400378048+0j)",
      "(-508.7022101678853+0j)"
    ]
  },
  "61": {
    "a": 6,
    "b": 8,
    "c": 27,
    "result": "нет действительных корней"
  },
  "62": {
    "a": 7515,
    "b": 268,
    "c": 891,
    "result": "нет действительных корней"
  },
  "63": {
    "a": 985,
    "b": 43119,
    "c": 27,
    "result": [
      "(-0.0006261830335474978+0j)",
      "(-43.77500833473295+0j)"
    ]
  },
  "64": {
    "a": 33,
    "b": 5586,
    "c": 2,
    "result": [
      "(-0.000358038709333469+0j)",
      "(-169.27236923401793+0j)"
    ]
  },
  "65": {
    "a": 12879,
    "b": 1,
    "c": 837,
    "result": "нет действительных корней"
  },
  "66": {
    "a": 65276,
    "b": 661,
    "c": 4676,
    "result": "нет действительных корней"
  },
  "67": {
    "a": 567,
    "b": 892,
    "c": 57877,
    "result": "нет действительных корней"
  },
  "68": {
    "a": 87526,
    "b": 972,
    "c": 48,
    "result": "нет действительных корней"
  },
  "69": {
    "a": 71,
    "b": 89138,
    "c": 74,